"station","date","year","month","doy","rain","tmax","tmin"
"Dodoma",1980-01-01,1980,1,1,0,26.5,17.6
"Dodoma",1980-01-02,1980,1,2,0,30.1,14.1
"Dodoma",1980-01-03,1980,1,3,6.2,30.4,13.9
"Dodoma",1980-01-04,1980,1,4,0,24.8,16.2
"Dodoma",1980-01-05,1980,1,5,0,28.1,14.7
"Dodoma",1980-01-06,1980,1,6,NA,29.9,17.8
"Dodoma",1980-01-07,1980,1,7,0,28.1,15.3
"Dodoma",1980-01-08,1980,1,8,0.3,25.1,17.4
"Dodoma",1980-01-09,1980,1,9,0,28.7,15.4
"Dodoma",1980-01-10,1980,1,10,0,24.6,13.9
"Dodoma",1980-01-11,1980,1,11,0.3,27.9,16.4
"Dodoma",1980-01-12,1980,1,12,0,29.4,12.9
"Dodoma",1980-01-13,1980,1,13,NA,26.7,15.4
"Dodoma",1980-01-14,1980,1,14,2,26.2,12.3
"Dodoma",1980-01-15,1980,1,15,1.3,25.3,17
"Dodoma",1980-01-16,1980,1,16,0,28.1,18.6
"Dodoma",1980-01-17,1980,1,17,0,30.3,16.1
"Dodoma",1980-01-18,1980,1,18,4,27.2,16.9
"Dodoma",1980-01-19,1980,1,19,1.9,30.9,16.4
"Dodoma",1980-01-20,1980,1,20,3.8,27.2,18.5
"Dodoma",1980-01-21,1980,1,21,0,28.4,14.1
"Dodoma",1980-01-22,1980,1,22,25.1,27.5,12.8
"Dodoma",1980-01-23,1980,1,23,0,29.3,17.2
"Dodoma",1980-01-24,1980,1,24,0,29.5,17.9
"Dodoma",1980-01-25,1980,1,25,14.8,28.4,14.7
"Dodoma",1980-01-26,1980,1,26,7,26.8,16.9
"Dodoma",1980-01-27,1980,1,27,0.7,31,16.9
"Dodoma",1980-01-28,1980,1,28,0,26.6,15.2
"Dodoma",1980-01-29,1980,1,29,16.1,29,16.7
"Dodoma",1980-01-30,1980,1,30,0,25.2,15.8
"Dodoma",1980-01-31,1980,1,31,0,30.5,16.7
"Dodoma",1980-02-01,1980,2,32,0,27.6,17.3
"Dodoma",1980-02-02,1980,2,33,3.5,29.3,16.3
"Dodoma",1980-02-03,1980,2,34,0,31.4,17.8
"Dodoma",1980-02-04,1980,2,35,9,32.9,18.4
"Dodoma",1980-02-05,1980,2,36,0,28.6,18.2
"Dodoma",1980-02-06,1980,2,37,20.4,30.7,17.8
"Dodoma",1980-02-07,1980,2,38,10.3,31.8,19.5
"Dodoma",1980-02-08,1980,2,39,0,26.9,15.4
"Dodoma",1980-02-09,1980,2,40,0,31.3,18.2
"Dodoma",1980-02-10,1980,2,41,0.3,26.2,20
"Dodoma",1980-02-11,1980,2,42,0.2,29.8,17.7
"Dodoma",1980-02-12,1980,2,43,2.4,28.6,17.2
"Dodoma",1980-02-13,1980,2,44,NA,30.9,17.6
"Dodoma",1980-02-14,1980,2,45,1.7,27.6,16.5
"Dodoma",1980-02-15,1980,2,46,NA,32.2,15.8
"Dodoma",1980-02-16,1980,2,47,0,35.7,16.4
"Dodoma",1980-02-17,1980,2,48,0,29.5,20.8
"Dodoma",1980-02-18,1980,2,49,0,32.9,20.5
"Dodoma",1980-02-19,1980,2,50,0,24.9,18.5
"Dodoma",1980-02-20,1980,2,51,3.1,31.8,14.6
"Dodoma",1980-02-21,1980,2,52,2.1,29.3,16.5
"Dodoma",1980-02-22,1980,2,53,6.2,32.2,15.7
"Dodoma",1980-02-23,1980,2,54,0,33.4,15.4
"Dodoma",1980-02-24,1980,2,55,0.9,28.2,18.7
"Dodoma",1980-02-25,1980,2,56,0,30.3,16.9
"Dodoma",1980-02-26,1980,2,57,0,33,15.3
"Dodoma",1980-02-27,1980,2,58,14.1,32.9,19.2
"Dodoma",1980-02-28,1980,2,59,2.7,29.6,19.7
"Dodoma",1980-02-29,1980,2,60,0,31.4,17.7
"Dodoma",1980-03-01,1980,3,61,0,26.8,21.9
"Dodoma",1980-03-02,1980,3,62,0,30.9,19
"Dodoma",1980-03-03,1980,3,63,0,31.6,18.6
"Dodoma",1980-03-04,1980,3,64,0,35.2,19
"Dodoma",1980-03-05,1980,3,65,0,32.9,18.8
"Dodoma",1980-03-06,1980,3,66,5.3,31.6,19.4
"Dodoma",1980-03-07,1980,3,67,2.6,33.9,16.8
"Dodoma",1980-03-08,1980,3,68,0,32.5,19.6
"Dodoma",1980-03-09,1980,3,69,0,33.6,19.7
"Dodoma",1980-03-10,1980,3,70,NA,31.1,22.3
"Dodoma",1980-03-11,1980,3,71,0.2,33.9,18.3
"Dodoma",1980-03-12,1980,3,72,NA,33.6,20.5
"Dodoma",1980-03-13,1980,3,73,0.3,34.2,19.8
"Dodoma",1980-03-14,1980,3,74,0,32.2,19.4
"Dodoma",1980-03-15,1980,3,75,1.4,34.5,20.7
"Dodoma",1980-03-16,1980,3,76,0,30.2,22.5
"Dodoma",1980-03-17,1980,3,77,5.6,30.5,18.1
"Dodoma",1980-03-18,1980,3,78,0,31.8,21.3
"Dodoma",1980-03-19,1980,3,79,0,35.2,19.6
"Dodoma",1980-03-20,1980,3,80,4.9,34.7,18.3
"Dodoma",1980-03-21,1980,3,81,0,34.9,19.7
"Dodoma",1980-03-22,1980,3,82,0.3,32,19.5
"Dodoma",1980-03-23,1980,3,83,0,35.4,19.3
"Dodoma",1980-03-24,1980,3,84,0,33.1,21.3
"Dodoma",1980-03-25,1980,3,85,0,31.6,21.7
"Dodoma",1980-03-26,1980,3,86,0,31.6,20.4
"Dodoma",1980-03-27,1980,3,87,0,33.5,21.8
"Dodoma",1980-03-28,1980,3,88,0.3,37.2,23.5
"Dodoma",1980-03-29,1980,3,89,10.9,34.7,21.4
"Dodoma",1980-03-30,1980,3,90,0,33.1,21.5
"Dodoma",1980-03-31,1980,3,91,0,32.8,21.4
"Dodoma",1980-04-01,1980,4,92,12.5,31.8,20.8
"Dodoma",1980-04-02,1980,4,93,0,29.6,21.2
"Dodoma",1980-04-03,1980,4,94,0,34.3,20.4
"Dodoma",1980-04-04,1980,4,95,0,30.4,19.1
"Dodoma",1980-04-05,1980,4,96,0,36.9,19.3
"Dodoma",1980-04-06,1980,4,97,0,33.6,18.5
"Dodoma",1980-04-07,1980,4,98,0,34.1,19.9
"Dodoma",1980-04-08,1980,4,99,0,33.9,21.8
"Dodoma",1980-04-09,1980,4,100,0,36.1,21.1
"Dodoma",1980-04-10,1980,4,101,0,35.2,21.4
"Dodoma",1980-04-11,1980,4,102,0,33.9,21.2
"Dodoma",1980-04-12,1980,4,103,0,37,19.4
"Dodoma",1980-04-13,1980,4,104,0,36.3,22.9
"Dodoma",1980-04-14,1980,4,105,0,34.6,22.5
"Dodoma",1980-04-15,1980,4,106,0,32.2,21.1
"Dodoma",1980-04-16,1980,4,107,0,36.9,21.3
"Dodoma",1980-04-17,1980,4,108,0,35.9,22.7
"Dodoma",1980-04-18,1980,4,109,0,33.7,22.7
"Dodoma",1980-04-19,1980,4,110,0,35,16.9
"Dodoma",1980-04-20,1980,4,111,0,31.7,23.6
"Dodoma",1980-04-21,1980,4,112,0,36.3,22.1
"Dodoma",1980-04-22,1980,4,113,0,30.9,20.7
"Dodoma",1980-04-23,1980,4,114,0,36.1,20.5
"Dodoma",1980-04-24,1980,4,115,0,34.4,22.5
"Dodoma",1980-04-25,1980,4,116,0,35.4,24.6
"Dodoma",1980-04-26,1980,4,117,3.6,33.1,23.3
"Dodoma",1980-04-27,1980,4,118,0,35.6,21.1
"Dodoma",1980-04-28,1980,4,119,0,36.6,20.7
"Dodoma",1980-04-29,1980,4,120,0,34,20.4
"Dodoma",1980-04-30,1980,4,121,0,33.9,23.1
"Dodoma",1980-05-01,1980,5,122,0,34.9,21
"Dodoma",1980-05-02,1980,5,123,0,33.6,22.5
"Dodoma",1980-05-03,1980,5,124,0,34,22.3
"Dodoma",1980-05-04,1980,5,125,0,38.9,19.7
"Dodoma",1980-05-05,1980,5,126,0,34.3,22.3
"Dodoma",1980-05-06,1980,5,127,0,32.4,20.9
"Dodoma",1980-05-07,1980,5,128,0,30.4,21
"Dodoma",1980-05-08,1980,5,129,0,33.6,23.3
"Dodoma",1980-05-09,1980,5,130,0,33.6,20.4
"Dodoma",1980-05-10,1980,5,131,0,34.2,24.7
"Dodoma",1980-05-11,1980,5,132,0,32.7,21.1
"Dodoma",1980-05-12,1980,5,133,0,35.9,21.9
"Dodoma",1980-05-13,1980,5,134,0,30.2,22.1
"Dodoma",1980-05-14,1980,5,135,0,36.7,21.9
"Dodoma",1980-05-15,1980,5,136,0,35.3,20.7
"Dodoma",1980-05-16,1980,5,137,0,37.6,22.8
"Dodoma",1980-05-17,1980,5,138,0,36.3,25
"Dodoma",1980-05-18,1980,5,139,0,38.3,22
"Dodoma",1980-05-19,1980,5,140,0,35.2,20.5
"Dodoma",1980-05-20,1980,5,141,0,35.8,22
"Dodoma",1980-05-21,1980,5,142,7.4,32.1,21.6
"Dodoma",1980-05-22,1980,5,143,NA,34.6,23.7
"Dodoma",1980-05-23,1980,5,144,0,31.9,20.6
"Dodoma",1980-05-24,1980,5,145,0,37.1,21.5
"Dodoma",1980-05-25,1980,5,146,0,34.9,23.5
"Dodoma",1980-05-26,1980,5,147,0,30.5,22.3
"Dodoma",1980-05-27,1980,5,148,0,35.8,23.7
"Dodoma",1980-05-28,1980,5,149,0,35.5,19.4
"Dodoma",1980-05-29,1980,5,150,0.1,36.2,20.8
"Dodoma",1980-05-30,1980,5,151,0,39.4,20.8
"Dodoma",1980-05-31,1980,5,152,0,35.4,21.7
"Dodoma",1980-06-01,1980,6,153,0,37.3,19.9
"Dodoma",1980-06-02,1980,6,154,0,34.4,21
"Dodoma",1980-06-03,1980,6,155,0,33.9,19
"Dodoma",1980-06-04,1980,6,156,0,36,22.7
"Dodoma",1980-06-05,1980,6,157,0.7,36.5,21.1
"Dodoma",1980-06-06,1980,6,158,11.1,33.1,22.1
"Dodoma",1980-06-07,1980,6,159,1,37.1,21.5
"Dodoma",1980-06-08,1980,6,160,0,32.9,22.6
"Dodoma",1980-06-09,1980,6,161,0,33.7,22.3
"Dodoma",1980-06-10,1980,6,162,0,34.9,18.9
"Dodoma",1980-06-11,1980,6,163,0,34.9,19.7
"Dodoma",1980-06-12,1980,6,164,13.3,34.9,20.2
"Dodoma",1980-06-13,1980,6,165,0,33.6,18.8
"Dodoma",1980-06-14,1980,6,166,6.4,32.9,18.3
"Dodoma",1980-06-15,1980,6,167,0,34,22.9
"Dodoma",1980-06-16,1980,6,168,15.8,33.6,21.3
"Dodoma",1980-06-17,1980,6,169,9.8,34.8,21.2
"Dodoma",1980-06-18,1980,6,170,5.3,34.3,20.9
"Dodoma",1980-06-19,1980,6,171,NA,35.6,19.7
"Dodoma",1980-06-20,1980,6,172,0,33,22.1
"Dodoma",1980-06-21,1980,6,173,0,33.5,21.7
"Dodoma",1980-06-22,1980,6,174,0,36.9,21.1
"Dodoma",1980-06-23,1980,6,175,0,34.6,21.8
"Dodoma",1980-06-24,1980,6,176,10.4,31.5,22.7
"Dodoma",1980-06-25,1980,6,177,0,35,18.8
"Dodoma",1980-06-26,1980,6,178,0,33.9,22.1
"Dodoma",1980-06-27,1980,6,179,0,31.5,22.4
"Dodoma",1980-06-28,1980,6,180,0,31.7,20.7
"Dodoma",1980-06-29,1980,6,181,0,34,20.5
"Dodoma",1980-06-30,1980,6,182,0,34.2,21.6
"Dodoma",1980-07-01,1980,7,183,1,33.3,18.8
"Dodoma",1980-07-02,1980,7,184,13.5,33.3,21.1
"Dodoma",1980-07-03,1980,7,185,0,32.6,20.8
"Dodoma",1980-07-04,1980,7,186,0,35.5,21.3
"Dodoma",1980-07-05,1980,7,187,0,35,20.6
"Dodoma",1980-07-06,1980,7,188,0,29.6,20.5
"Dodoma",1980-07-07,1980,7,189,5.6,30.4,20
"Dodoma",1980-07-08,1980,7,190,0.3,33.7,21.2
"Dodoma",1980-07-09,1980,7,191,5.5,30.9,19.1
"Dodoma",1980-07-10,1980,7,192,0,30.6,21.6
"Dodoma",1980-07-11,1980,7,193,7.1,33.3,18.7
"Dodoma",1980-07-12,1980,7,194,1.2,32.6,20.6
"Dodoma",1980-07-13,1980,7,195,4.1,32.9,20.3
"Dodoma",1980-07-14,1980,7,196,1.9,30.9,23.8
"Dodoma",1980-07-15,1980,7,197,NA,30.9,20
"Dodoma",1980-07-16,1980,7,198,10.9,32.6,18
"Dodoma",1980-07-17,1980,7,199,0,32.4,18.9
"Dodoma",1980-07-18,1980,7,200,0,32.2,18.7
"Dodoma",1980-07-19,1980,7,201,0,30.5,21
"Dodoma",1980-07-20,1980,7,202,14.2,32.7,17.7
"Dodoma",1980-07-21,1980,7,203,0,32.2,18.7
"Dodoma",1980-07-22,1980,7,204,8.3,34.6,21
"Dodoma",1980-07-23,1980,7,205,13.9,30.9,18.9
"Dodoma",1980-07-24,1980,7,206,2.4,33.7,19.8
"Dodoma",1980-07-25,1980,7,207,0,29.8,20
"Dodoma",1980-07-26,1980,7,208,0.7,32.2,19.3
"Dodoma",1980-07-27,1980,7,209,NA,29.5,19.9
"Dodoma",1980-07-28,1980,7,210,0.5,33.4,18.7
"Dodoma",1980-07-29,1980,7,211,2.2,32.3,20.7
"Dodoma",1980-07-30,1980,7,212,0,30.7,21.6
"Dodoma",1980-07-31,1980,7,213,0.1,31,17.2
"Dodoma",1980-08-01,1980,8,214,6,31.8,21.4
"Dodoma",1980-08-02,1980,8,215,1.3,32.1,16.5
"Dodoma",1980-08-03,1980,8,216,0,33.5,19.4
"Dodoma",1980-08-04,1980,8,217,3.5,30.1,21.9
"Dodoma",1980-08-05,1980,8,218,13.3,29.6,18.3
"Dodoma",1980-08-06,1980,8,219,NA,36.5,18.2
"Dodoma",1980-08-07,1980,8,220,0,28.8,20.2
"Dodoma",1980-08-08,1980,8,221,13.1,31.2,16.6
"Dodoma",1980-08-09,1980,8,222,1.9,32.6,17.5
"Dodoma",1980-08-10,1980,8,223,8.1,25.2,18
"Dodoma",1980-08-11,1980,8,224,0,32.8,18.6
"Dodoma",1980-08-12,1980,8,225,2.1,31.9,15.6
"Dodoma",1980-08-13,1980,8,226,0,29.2,17.6
"Dodoma",1980-08-14,1980,8,227,14.1,29.1,19.2
"Dodoma",1980-08-15,1980,8,228,NA,30.2,18.2
"Dodoma",1980-08-16,1980,8,229,11.5,34.4,17.4
"Dodoma",1980-08-17,1980,8,230,8.2,31.7,18.1
"Dodoma",1980-08-18,1980,8,231,2.2,28.3,16.3
"Dodoma",1980-08-19,1980,8,232,3,28.5,17.5
"Dodoma",1980-08-20,1980,8,233,11.6,28.4,15.7
"Dodoma",1980-08-21,1980,8,234,11.6,30.5,19.8
"Dodoma",1980-08-22,1980,8,235,0,33.8,18
"Dodoma",1980-08-23,1980,8,236,0,29,17.7
"Dodoma",1980-08-24,1980,8,237,20.4,29.9,14.3
"Dodoma",1980-08-25,1980,8,238,NA,29.6,15.5
"Dodoma",1980-08-26,1980,8,239,0,33.2,17.3
"Dodoma",1980-08-27,1980,8,240,2.2,26.1,16.5
"Dodoma",1980-08-28,1980,8,241,1.5,28.1,18.2
"Dodoma",1980-08-29,1980,8,242,0,30.1,18.6
"Dodoma",1980-08-30,1980,8,243,3.4,26.9,15.3
"Dodoma",1980-08-31,1980,8,244,9.3,26.7,16.6
"Dodoma",1980-09-01,1980,9,245,0,35.2,19.6
"Dodoma",1980-09-02,1980,9,246,0,28.8,17.8
"Dodoma",1980-09-03,1980,9,247,5,26.7,18.2
"Dodoma",1980-09-04,1980,9,248,3.7,29.1,15.4
"Dodoma",1980-09-05,1980,9,249,0,27.2,18
"Dodoma",1980-09-06,1980,9,250,0,25.6,14
"Dodoma",1980-09-07,1980,9,251,2.6,29.1,16
"Dodoma",1980-09-08,1980,9,252,1.5,31.6,15.5
"Dodoma",1980-09-09,1980,9,253,0.9,32,18.5
"Dodoma",1980-09-10,1980,9,254,0,25.7,15.7
"Dodoma",1980-09-11,1980,9,255,6,23.4,15.6
"Dodoma",1980-09-12,1980,9,256,0,30.8,15
"Dodoma",1980-09-13,1980,9,257,4.6,28.7,16.2
"Dodoma",1980-09-14,1980,9,258,0,25.4,16.8
"Dodoma",1980-09-15,1980,9,259,0,25.5,13.6
"Dodoma",1980-09-16,1980,9,260,0,25,15.7
"Dodoma",1980-09-17,1980,9,261,0,27.8,18.1
"Dodoma",1980-09-18,1980,9,262,2.3,27.9,15.1
"Dodoma",1980-09-19,1980,9,263,0,27.6,14.4
"Dodoma",1980-09-20,1980,9,264,0,26.6,16.6
"Dodoma",1980-09-21,1980,9,265,0,26.5,16.5
"Dodoma",1980-09-22,1980,9,266,2.9,27.4,13.4
"Dodoma",1980-09-23,1980,9,267,0,27.5,18.1
"Dodoma",1980-09-24,1980,9,268,0,24.4,15.7
"Dodoma",1980-09-25,1980,9,269,0,29.8,18
"Dodoma",1980-09-26,1980,9,270,0,23.8,13.7
"Dodoma",1980-09-27,1980,9,271,1.3,24.1,15.5
"Dodoma",1980-09-28,1980,9,272,0,23.7,14.9
"Dodoma",1980-09-29,1980,9,273,0,30.4,18.1
"Dodoma",1980-09-30,1980,9,274,0,27.5,14
"Dodoma",1980-10-01,1980,10,275,0,26.3,16.3
"Dodoma",1980-10-02,1980,10,276,0,24.7,13.4
"Dodoma",1980-10-03,1980,10,277,0,26.2,15.5
"Dodoma",1980-10-04,1980,10,278,0,25.3,16.7
"Dodoma",1980-10-05,1980,10,279,0,29.4,18.1
"Dodoma",1980-10-06,1980,10,280,0,27,13.7
"Dodoma",1980-10-07,1980,10,281,0,23,14.4
"Dodoma",1980-10-08,1980,10,282,7.2,23.4,15.9
"Dodoma",1980-10-09,1980,10,283,0,27.4,11.5
"Dodoma",1980-10-10,1980,10,284,0,23.9,12.5
"Dodoma",1980-10-11,1980,10,285,NA,26.2,14.8
"Dodoma",1980-10-12,1980,10,286,0,24.7,13.6
"Dodoma",1980-10-13,1980,10,287,0,25.3,15.7
"Dodoma",1980-10-14,1980,10,288,1.6,26,15.8
"Dodoma",1980-10-15,1980,10,289,0,27.7,19.5
"Dodoma",1980-10-16,1980,10,290,0,25.7,13.1
"Dodoma",1980-10-17,1980,10,291,0,25.7,13
"Dodoma",1980-10-18,1980,10,292,0,27.2,13.7
"Dodoma",1980-10-19,1980,10,293,0,25.7,13.7
"Dodoma",1980-10-20,1980,10,294,0,25.6,15.8
"Dodoma",1980-10-21,1980,10,295,0,25.3,12.6
"Dodoma",1980-10-22,1980,10,296,0,24.8,14
"Dodoma",1980-10-23,1980,10,297,0,28.7,15
"Dodoma",1980-10-24,1980,10,298,0,23.7,15.9
"Dodoma",1980-10-25,1980,10,299,0,23.9,13.4
"Dodoma",1980-10-26,1980,10,300,0,21.2,13.6
"Dodoma",1980-10-27,1980,10,301,0,22.4,16
"Dodoma",1980-10-28,1980,10,302,0,23.9,12.5
"Dodoma",1980-10-29,1980,10,303,0,26.6,11.3
"Dodoma",1980-10-30,1980,10,304,0,24.6,14.6
"Dodoma",1980-10-31,1980,10,305,0,24.9,12.2
"Dodoma",1980-11-01,1980,11,306,0,24.4,13.7
"Dodoma",1980-11-02,1980,11,307,0,23.4,12.6
"Dodoma",1980-11-03,1980,11,308,0,24.8,13.7
"Dodoma",1980-11-04,1980,11,309,0,24.8,12.9
"Dodoma",1980-11-05,1980,11,310,0,27.2,15.8
"Dodoma",1980-11-06,1980,11,311,0,26.2,13.2
"Dodoma",1980-11-07,1980,11,312,0,25.5,16.9
"Dodoma",1980-11-08,1980,11,313,0,23.9,16
"Dodoma",1980-11-09,1980,11,314,0,22,12.7
"Dodoma",1980-11-10,1980,11,315,0,26.1,10.3
"Dodoma",1980-11-11,1980,11,316,0,22.4,12.6
"Dodoma",1980-11-12,1980,11,317,0,23.4,14.3
"Dodoma",1980-11-13,1980,11,318,0,24.8,14.6
"Dodoma",1980-11-14,1980,11,319,0,28,15.3
"Dodoma",1980-11-15,1980,11,320,0,27.7,13.6
"Dodoma",1980-11-16,1980,11,321,0,24,15.4
"Dodoma",1980-11-17,1980,11,322,0,28.1,13.6
"Dodoma",1980-11-18,1980,11,323,0,29.9,14.6
"Dodoma",1980-11-19,1980,11,324,0,24.6,14.2
"Dodoma",1980-11-20,1980,11,325,0,25.4,15.8
"Dodoma",1980-11-21,1980,11,326,0,25.1,14
"Dodoma",1980-11-22,1980,11,327,0,27.3,12.8
"Dodoma",1980-11-23,1980,11,328,0,21.7,18.4
"Dodoma",1980-11-24,1980,11,329,0,24.1,12.2
"Dodoma",1980-11-25,1980,11,330,0,24.5,14.4
"Dodoma",1980-11-26,1980,11,331,0,27.6,12.8
"Dodoma",1980-11-27,1980,11,332,2.4,26.3,14.9
"Dodoma",1980-11-28,1980,11,333,6.7,23.2,15.3
"Dodoma",1980-11-29,1980,11,334,0,24.5,15.7
"Dodoma",1980-11-30,1980,11,335,0,28.5,11.3
"Dodoma",1980-12-01,1980,12,336,NA,24.2,15.8
"Dodoma",1980-12-02,1980,12,337,0,25.7,17.5
"Dodoma",1980-12-03,1980,12,338,0,28.9,13.8
"Dodoma",1980-12-04,1980,12,339,0,26,12.5
"Dodoma",1980-12-05,1980,12,340,0,25.6,12.4
"Dodoma",1980-12-06,1980,12,341,0,23.2,12.4
"Dodoma",1980-12-07,1980,12,342,16.1,26.4,15.3
"Dodoma",1980-12-08,1980,12,343,0,27.9,14.8
"Dodoma",1980-12-09,1980,12,344,0,25.8,10.5
"Dodoma",1980-12-10,1980,12,345,12.3,25,16.5
"Dodoma",1980-12-11,1980,12,346,11.2,24.2,15.4
"Dodoma",1980-12-12,1980,12,347,0,25.2,13.2
"Dodoma",1980-12-13,1980,12,348,0,27.7,16.6
"Dodoma",1980-12-14,1980,12,349,0,25.9,14.9
"Dodoma",1980-12-15,1980,12,350,0,28.3,12.2
"Dodoma",1980-12-16,1980,12,351,0,27.6,13.8
"Dodoma",1980-12-17,1980,12,352,0,25,14.5
"Dodoma",1980-12-18,1980,12,353,9.7,24.6,13.4
"Dodoma",1980-12-19,1980,12,354,6.2,26.4,11.5
"Dodoma",1980-12-20,1980,12,355,0,26.8,13.3
"Dodoma",1980-12-21,1980,12,356,0,23.7,12.8
"Dodoma",1980-12-22,1980,12,357,0,24.3,14.8
"Dodoma",1980-12-23,1980,12,358,0,26.3,15
"Dodoma",1980-12-24,1980,12,359,0,22.3,14.2
"Dodoma",1980-12-25,1980,12,360,0,25.7,16.8
"Dodoma",1980-12-26,1980,12,361,0,28.1,14.5
"Dodoma",1980-12-27,1980,12,362,0,24.5,16.1
"Dodoma",1980-12-28,1980,12,363,5.3,25.3,15.6
"Dodoma",1980-12-29,1980,12,364,0,29,16.4
"Dodoma",1980-12-30,1980,12,365,0,25.7,16.1
"Dodoma",1980-12-31,1980,12,366,0,25.1,14.9
"Dodoma",1981-01-01,1981,1,1,0,24.1,13.9
"Dodoma",1981-01-02,1981,1,2,0,27.9,15.3
"Dodoma",1981-01-03,1981,1,3,2.7,26,14
"Dodoma",1981-01-04,1981,1,4,0.7,27.3,17
"Dodoma",1981-01-05,1981,1,5,7.9,26.2,16.2
"Dodoma",1981-01-06,1981,1,6,6.2,27,18.5
"Dodoma",1981-01-07,1981,1,7,0,28.1,15.3
"Dodoma",1981-01-08,1981,1,8,0.3,24.5,15.2
"Dodoma",1981-01-09,1981,1,9,0,24.2,16
"Dodoma",1981-01-10,1981,1,10,0,26.3,15.4
"Dodoma",1981-01-11,1981,1,11,18.1,25.9,14.2
"Dodoma",1981-01-12,1981,1,12,1,29.5,13.8
"Dodoma",1981-01-13,1981,1,13,1.1,27.3,14.6
"Dodoma",1981-01-14,1981,1,14,0,24.2,14.1
"Dodoma",1981-01-15,1981,1,15,0,24.7,16.8
"Dodoma",1981-01-16,1981,1,16,14.3,27,15.9
"Dodoma",1981-01-17,1981,1,17,1.9,31.9,15.7
"Dodoma",1981-01-18,1981,1,18,2.5,27.3,16.3
"Dodoma",1981-01-19,1981,1,19,0,26.2,16.9
"Dodoma",1981-01-20,1981,1,20,0,27.6,14.3
"Dodoma",1981-01-21,1981,1,21,0.9,26.3,18.2
"Dodoma",1981-01-22,1981,1,22,0,29.7,16.2
"Dodoma",1981-01-23,1981,1,23,17.5,26.8,17.7
"Dodoma",1981-01-24,1981,1,24,1.5,25.9,18
"Dodoma",1981-01-25,1981,1,25,0,27.5,16.9
"Dodoma",1981-01-26,1981,1,26,13.6,27.3,17
"Dodoma",1981-01-27,1981,1,27,0,28.6,16.6
"Dodoma",1981-01-28,1981,1,28,2,29.8,16.8
"Dodoma",1981-01-29,1981,1,29,0,29,19.5
"Dodoma",1981-01-30,1981,1,30,NA,30,14.5
"Dodoma",1981-01-31,1981,1,31,0,27.3,19.1
"Dodoma",1981-02-01,1981,2,32,0,27.1,15.8
"Dodoma",1981-02-02,1981,2,33,8.1,28.4,16.4
"Dodoma",1981-02-03,1981,2,34,0.9,29.3,15.2
"Dodoma",1981-02-04,1981,2,35,0.2,28.1,19.2
"Dodoma",1981-02-05,1981,2,36,1.7,28.6,18.7
"Dodoma",1981-02-06,1981,2,37,0,30.7,17.3
"Dodoma",1981-02-07,1981,2,38,2.1,30.9,15.6
"Dodoma",1981-02-08,1981,2,39,0,31,18.7
"Dodoma",1981-02-09,1981,2,40,19.7,30.3,17.9
"Dodoma",1981-02-10,1981,2,41,0,31.9,17.6
"Dodoma",1981-02-11,1981,2,42,8.3,31,16.2
"Dodoma",1981-02-12,1981,2,43,0.9,29.3,17.2
"Dodoma",1981-02-13,1981,2,44,9.8,32.5,17.9
"Dodoma",1981-02-14,1981,2,45,0.2,29.2,16.7
"Dodoma",1981-02-15,1981,2,46,0,30.7,18.1
"Dodoma",1981-02-16,1981,2,47,10.4,29.9,18.2
"Dodoma",1981-02-17,1981,2,48,0,27.5,16.6
"Dodoma",1981-02-18,1981,2,49,0.3,31,19.6
"Dodoma",1981-02-19,1981,2,50,3.3,27.3,19
"Dodoma",1981-02-20,1981,2,51,2.2,32.9,17.4
"Dodoma",1981-02-21,1981,2,52,0,31.6,18.9
"Dodoma",1981-02-22,1981,2,53,1.9,31.3,16.6
"Dodoma",1981-02-23,1981,2,54,3,30.4,19.4
"Dodoma",1981-02-24,1981,2,55,0,29.5,20.4
"Dodoma",1981-02-25,1981,2,56,8.7,33.5,16.9
"Dodoma",1981-02-26,1981,2,57,0,31.1,17.4
"Dodoma",1981-02-27,1981,2,58,0,34.6,19.8
"Dodoma",1981-02-28,1981,2,59,0,31.8,18.5
"Dodoma",1981-03-01,1981,3,60,3.9,35.4,18.1
"Dodoma",1981-03-02,1981,3,61,0,31.7,19.5
"Dodoma",1981-03-03,1981,3,62,3.7,29.5,19.8
"Dodoma",1981-03-04,1981,3,63,0,34.2,18.1
"Dodoma",1981-03-05,1981,3,64,0,34.3,16.5
"Dodoma",1981-03-06,1981,3,65,0,30.5,20.1
"Dodoma",1981-03-07,1981,3,66,0,31.9,20.6
"Dodoma",1981-03-08,1981,3,67,0,29.9,19.9
"Dodoma",1981-03-09,1981,3,68,0.3,31.5,17.9
"Dodoma",1981-03-10,1981,3,69,0,28.6,20.2
"Dodoma",1981-03-11,1981,3,70,3.6,34.1,20.1
"Dodoma",1981-03-12,1981,3,71,0,34,19.6
"Dodoma",1981-03-13,1981,3,72,NA,29.2,20.9
"Dodoma",1981-03-14,1981,3,73,4.5,32,21.2
"Dodoma",1981-03-15,1981,3,74,0,32.6,18.4
"Dodoma",1981-03-16,1981,3,75,0,31.4,16.9
"Dodoma",1981-03-17,1981,3,76,0,32.4,17.7
"Dodoma",1981-03-18,1981,3,77,0,32.4,19.4
"Dodoma",1981-03-19,1981,3,78,0,33.2,23
"Dodoma",1981-03-20,1981,3,79,0,30.8,19.2
"Dodoma",1981-03-21,1981,3,80,0,32.1,18.4
"Dodoma",1981-03-22,1981,3,81,NA,31.7,21.2
"Dodoma",1981-03-23,1981,3,82,0,32.2,21.7
"Dodoma",1981-03-24,1981,3,83,0,31.6,21.3
"Dodoma",1981-03-25,1981,3,84,NA,33.6,17.7
"Dodoma",1981-03-26,1981,3,85,0,30.8,19
"Dodoma",1981-03-27,1981,3,86,0,34,21
"Dodoma",1981-03-28,1981,3,87,0,34.5,17.9
"Dodoma",1981-03-29,1981,3,88,0,30,20.4
"Dodoma",1981-03-30,1981,3,89,0,36.4,19.6
"Dodoma",1981-03-31,1981,3,90,0,35.4,22.3
"Dodoma",1981-04-01,1981,4,91,0,36.4,20.1
"Dodoma",1981-04-02,1981,4,92,0,34,19.2
"Dodoma",1981-04-03,1981,4,93,0,38.2,19.7
"Dodoma",1981-04-04,1981,4,94,0,35.4,20.6
"Dodoma",1981-04-05,1981,4,95,0,34.3,21.5
"Dodoma",1981-04-06,1981,4,96,10.2,33.8,23.6
"Dodoma",1981-04-07,1981,4,97,NA,31.8,20.9
"Dodoma",1981-04-08,1981,4,98,4.7,35.1,18.9
"Dodoma",1981-04-09,1981,4,99,0,34.1,26
"Dodoma",1981-04-10,1981,4,100,NA,37.2,21.7
"Dodoma",1981-04-11,1981,4,101,0,35.4,21.2
"Dodoma",1981-04-12,1981,4,102,0,32.6,24.9
"Dodoma",1981-04-13,1981,4,103,0,32.4,22
"Dodoma",1981-04-14,1981,4,104,0,36.6,21.7
"Dodoma",1981-04-15,1981,4,105,0,35.2,21.1
"Dodoma",1981-04-16,1981,4,106,1.5,33.4,20.9
"Dodoma",1981-04-17,1981,4,107,0,33.1,23.2
"Dodoma",1981-04-18,1981,4,108,0,30.8,22.6
"Dodoma",1981-04-19,1981,4,109,0,35.3,22.5
"Dodoma",1981-04-20,1981,4,110,0,35.2,21.1
"Dodoma",1981-04-21,1981,4,111,0,37.6,20
"Dodoma",1981-04-22,1981,4,112,0,38.2,19.8
"Dodoma",1981-04-23,1981,4,113,0,32.2,22.7
"Dodoma",1981-04-24,1981,4,114,0,34.1,21.7
"Dodoma",1981-04-25,1981,4,115,NA,32.9,18.8
"Dodoma",1981-04-26,1981,4,116,0,35,24.1
"Dodoma",1981-04-27,1981,4,117,0,37.4,22.8
"Dodoma",1981-04-28,1981,4,118,0,34.5,21.2
"Dodoma",1981-04-29,1981,4,119,0,35.6,24.5
"Dodoma",1981-04-30,1981,4,120,0,40.6,22.2
"Dodoma",1981-05-01,1981,5,121,0,33.5,19.6
"Dodoma",1981-05-02,1981,5,122,0,34.8,22.5
"Dodoma",1981-05-03,1981,5,123,0,32.5,21.1
"Dodoma",1981-05-04,1981,5,124,0,31.9,23.4
"Dodoma",1981-05-05,1981,5,125,0,32.7,19.7
"Dodoma",1981-05-06,1981,5,126,0,38.1,23.1
"Dodoma",1981-05-07,1981,5,127,0,33,23.4
"Dodoma",1981-05-08,1981,5,128,0,37.5,21.9
"Dodoma",1981-05-09,1981,5,129,0,36.1,22.7
"Dodoma",1981-05-10,1981,5,130,0,35.6,20.7
"Dodoma",1981-05-11,1981,5,131,0,35,21.6
"Dodoma",1981-05-12,1981,5,132,0,35.2,21.8
"Dodoma",1981-05-13,1981,5,133,0,36.3,23.6
"Dodoma",1981-05-14,1981,5,134,1.3,35.8,22.4
"Dodoma",1981-05-15,1981,5,135,0,32.5,22.9
"Dodoma",1981-05-16,1981,5,136,0,35.2,20.9
"Dodoma",1981-05-17,1981,5,137,0,36.7,21
"Dodoma",1981-05-18,1981,5,138,0,35.2,20.7
"Dodoma",1981-05-19,1981,5,139,NA,35.5,23.3
"Dodoma",1981-05-20,1981,5,140,0,34.3,22.1
"Dodoma",1981-05-21,1981,5,141,0,38,22.3
"Dodoma",1981-05-22,1981,5,142,0,31.3,21.7
"Dodoma",1981-05-23,1981,5,143,0,33.6,20.6
"Dodoma",1981-05-24,1981,5,144,0,37.9,22.7
"Dodoma",1981-05-25,1981,5,145,0,33.1,22.8
"Dodoma",1981-05-26,1981,5,146,0,36.7,22.7
"Dodoma",1981-05-27,1981,5,147,0,38.7,22.3
"Dodoma",1981-05-28,1981,5,148,0,33.2,22.9
"Dodoma",1981-05-29,1981,5,149,0,35.4,22.4
"Dodoma",1981-05-30,1981,5,150,0,37.9,21.6
"Dodoma",1981-05-31,1981,5,151,0.3,35.1,20.5
"Dodoma",1981-06-01,1981,6,152,0,36.4,19.5
"Dodoma",1981-06-02,1981,6,153,0,30.4,19.8
"Dodoma",1981-06-03,1981,6,154,0,39.2,23.1
"Dodoma",1981-06-04,1981,6,155,0,31.2,21.6
"Dodoma",1981-06-05,1981,6,156,0,34,21.2
"Dodoma",1981-06-06,1981,6,157,0,32.3,22.8
"Dodoma",1981-06-07,1981,6,158,0.2,36,21.1
"Dodoma",1981-06-08,1981,6,159,0,37,23.8
"Dodoma",1981-06-09,1981,6,160,0,38.2,23
"Dodoma",1981-06-10,1981,6,161,0.1,32.5,20
"Dodoma",1981-06-11,1981,6,162,0,38.4,22.3
"Dodoma",1981-06-12,1981,6,163,0,35.1,19.9
"Dodoma",1981-06-13,1981,6,164,4.6,33.1,22.6
"Dodoma",1981-06-14,1981,6,165,0,36.2,21.3
"Dodoma",1981-06-15,1981,6,166,0.7,36.6,20.4
"Dodoma",1981-06-16,1981,6,167,0,31.6,21.4
"Dodoma",1981-06-17,1981,6,168,NA,31.5,21.1
"Dodoma",1981-06-18,1981,6,169,0,34.5,21
"Dodoma",1981-06-19,1981,6,170,2.2,35.1,24
"Dodoma",1981-06-20,1981,6,171,20.7,33.5,19.2
"Dodoma",1981-06-21,1981,6,172,0,32.8,22.2
"Dodoma",1981-06-22,1981,6,173,0,36.4,21
"Dodoma",1981-06-23,1981,6,174,0.7,37.3,20.8
"Dodoma",1981-06-24,1981,6,175,0,33.6,21.9
"Dodoma",1981-06-25,1981,6,176,0,36,19.9
"Dodoma",1981-06-26,1981,6,177,0,32.7,23
"Dodoma",1981-06-27,1981,6,178,4.4,32.9,21.4
"Dodoma",1981-06-28,1981,6,179,0,35.1,20.3
"Dodoma",1981-06-29,1981,6,180,NA,34,24.6
"Dodoma",1981-06-30,1981,6,181,0,33.7,19.7
"Dodoma",1981-07-01,1981,7,182,3.6,31.1,20.3
"Dodoma",1981-07-02,1981,7,183,1.1,33.7,20.3
"Dodoma",1981-07-03,1981,7,184,5.9,32,17.3
"Dodoma",1981-07-04,1981,7,185,0,31.7,22.1
"Dodoma",1981-07-05,1981,7,186,1.6,36.5,19.2
"Dodoma",1981-07-06,1981,7,187,0,30.8,20.5
"Dodoma",1981-07-07,1981,7,188,1,32.1,21.2
"Dodoma",1981-07-08,1981,7,189,NA,29,20.5
"Dodoma",1981-07-09,1981,7,190,7.9,31.2,21.6
"Dodoma",1981-07-10,1981,7,191,0,31.6,21.4
"Dodoma",1981-07-11,1981,7,192,7.7,34.8,21.2
"Dodoma",1981-07-12,1981,7,193,0,31.9,19.1
"Dodoma",1981-07-13,1981,7,194,0,35.1,21
"Dodoma",1981-07-14,1981,7,195,0,36.2,17.4
"Dodoma",1981-07-15,1981,7,196,0.2,31.9,18.6
"Dodoma",1981-07-16,1981,7,197,25.2,32.5,20.4
"Dodoma",1981-07-17,1981,7,198,9,31.4,19.8
"Dodoma",1981-07-18,1981,7,199,3.8,34.4,19
"Dodoma",1981-07-19,1981,7,200,22.5,31.9,21.8
"Dodoma",1981-07-20,1981,7,201,0,30.1,18.8
"Dodoma",1981-07-21,1981,7,202,2.3,31.8,20.6
"Dodoma",1981-07-22,1981,7,203,17.1,32.9,19.5
"Dodoma",1981-07-23,1981,7,204,0,28.8,20.9
"Dodoma",1981-07-24,1981,7,205,0,33,18.3
"Dodoma",1981-07-25,1981,7,206,7.8,33.9,19.8
"Dodoma",1981-07-26,1981,7,207,0,30.9,18.4
"Dodoma",1981-07-27,1981,7,208,0.7,31.2,19.5
"Dodoma",1981-07-28,1981,7,209,0.5,29.1,17.2
"Dodoma",1981-07-29,1981,7,210,0,30.2,19.7
"Dodoma",1981-07-30,1981,7,211,0.2,33.5,19.9
"Dodoma",1981-07-31,1981,7,212,2.3,31.3,16.6
"Dodoma",1981-08-01,1981,8,213,0,31,16.2
"Dodoma",1981-08-02,1981,8,214,6.4,27.9,18.9
"Dodoma",1981-08-03,1981,8,215,0,32.6,18.9
"Dodoma",1981-08-04,1981,8,216,0,31,17.1
"Dodoma",1981-08-05,1981,8,217,0,30.6,16.4
"Dodoma",1981-08-06,1981,8,218,0,29,20
"Dodoma",1981-08-07,1981,8,219,9.5,27.7,17.9
"Dodoma",1981-08-08,1981,8,220,1.9,26.6,17.6
"Dodoma",1981-08-09,1981,8,221,0,29.9,19.9
"Dodoma",1981-08-10,1981,8,222,0,28.3,20.6
"Dodoma",1981-08-11,1981,8,223,21,30.3,17.7
"Dodoma",1981-08-12,1981,8,224,0,29.7,19
"Dodoma",1981-08-13,1981,8,225,NA,31.9,18.2
"Dodoma",1981-08-14,1981,8,226,0,30.1,16.9
"Dodoma",1981-08-15,1981,8,227,4.4,31,17.7
"Dodoma",1981-08-16,1981,8,228,0,25.7,18.4
"Dodoma",1981-08-17,1981,8,229,0,30.4,20.7
"Dodoma",1981-08-18,1981,8,230,2.4,30.7,15.8
"Dodoma",1981-08-19,1981,8,231,NA,30.7,17.4
"Dodoma",1981-08-20,1981,8,232,4.7,29.8,17.3
"Dodoma",1981-08-21,1981,8,233,9,26,17
"Dodoma",1981-08-22,1981,8,234,17.4,29,16.9
"Dodoma",1981-08-23,1981,8,235,0,24.6,16.1
"Dodoma",1981-08-24,1981,8,236,1.3,28,13
"Dodoma",1981-08-25,1981,8,237,0,29.5,16.8
"Dodoma",1981-08-26,1981,8,238,0.5,30.7,17.5
"Dodoma",1981-08-27,1981,8,239,0,29.7,16.4
"Dodoma",1981-08-28,1981,8,240,0,27.6,17.1
"Dodoma",1981-08-29,1981,8,241,0,29.5,16.7
"Dodoma",1981-08-30,1981,8,242,6.6,31.2,17.9
"Dodoma",1981-08-31,1981,8,243,0,27.3,18.5
"Dodoma",1981-09-01,1981,9,244,0,28.2,16.5
"Dodoma",1981-09-02,1981,9,245,0,29,17.2
"Dodoma",1981-09-03,1981,9,246,0,27.5,15.8
"Dodoma",1981-09-04,1981,9,247,0,27.7,15.3
"Dodoma",1981-09-05,1981,9,248,20.9,30.3,18.1
"Dodoma",1981-09-06,1981,9,249,0,30.4,17
"Dodoma",1981-09-07,1981,9,250,0,27.2,14.6
"Dodoma",1981-09-08,1981,9,251,1,30.5,14
"Dodoma",1981-09-09,1981,9,252,1.4,25,18.8
"Dodoma",1981-09-10,1981,9,253,0,25.6,17.4
"Dodoma",1981-09-11,1981,9,254,0,28,14.1
"Dodoma",1981-09-12,1981,9,255,0,27.3,17
"Dodoma",1981-09-13,1981,9,256,0,28,18.1
"Dodoma",1981-09-14,1981,9,257,1.6,26.8,17.7
"Dodoma",1981-09-15,1981,9,258,0,24.5,15.5
"Dodoma",1981-09-16,1981,9,259,26.5,28.2,13.7
"Dodoma",1981-09-17,1981,9,260,0,26.8,15.4
"Dodoma",1981-09-18,1981,9,261,NA,29.7,15.2
"Dodoma",1981-09-19,1981,9,262,0,30.1,16.1
"Dodoma",1981-09-20,1981,9,263,0,26.5,17.5
"Dodoma",1981-09-21,1981,9,264,0,29.7,16.7
"Dodoma",1981-09-22,1981,9,265,0,30,15
"Dodoma",1981-09-23,1981,9,266,0,23,15.6
"Dodoma",1981-09-24,1981,9,267,0,28.5,17.1
"Dodoma",1981-09-25,1981,9,268,0,23.7,16.6
"Dodoma",1981-09-26,1981,9,269,0,27.4,16.5
"Dodoma",1981-09-27,1981,9,270,0,25.7,13.2
"Dodoma",1981-09-28,1981,9,271,17.7,26.2,15.1
"Dodoma",1981-09-29,1981,9,272,0,28.3,15.5
"Dodoma",1981-09-30,1981,9,273,0,26.2,17.7
"Dodoma",1981-10-01,1981,10,274,0,23.3,17.2
"Dodoma",1981-10-02,1981,10,275,0,28.9,13.7
"Dodoma",1981-10-03,1981,10,276,0,23.8,15.6
"Dodoma",1981-10-04,1981,10,277,0,29.2,14.9
"Dodoma",1981-10-05,1981,10,278,0,27.5,15
"Dodoma",1981-10-06,1981,10,279,NA,26.8,13.2
"Dodoma",1981-10-07,1981,10,280,0,20.8,13.7
"Dodoma",1981-10-08,1981,10,281,0,22.7,17.1
"Dodoma",1981-10-09,1981,10,282,0,22.4,15.4
"Dodoma",1981-10-10,1981,10,283,0,22,13.7
"Dodoma",1981-10-11,1981,10,284,0,22.6,12.1
"Dodoma",1981-10-12,1981,10,285,0,26.5,14.2
"Dodoma",1981-10-13,1981,10,286,0,25.7,16.1
"Dodoma",1981-10-14,1981,10,287,0,24,15.8
"Dodoma",1981-10-15,1981,10,288,0,27.8,13
"Dodoma",1981-10-16,1981,10,289,0,24.1,16.1
"Dodoma",1981-10-17,1981,10,290,0,24.8,14
"Dodoma",1981-10-18,1981,10,291,0,24.5,14.4
"Dodoma",1981-10-19,1981,10,292,0,22.6,13.8
"Dodoma",1981-10-20,1981,10,293,0,29.5,15
"Dodoma",1981-10-21,1981,10,294,0,28.7,11.6
"Dodoma",1981-10-22,1981,10,295,0,22,15.8
"Dodoma",1981-10-23,1981,10,296,0,24.7,16.4
"Dodoma",1981-10-24,1981,10,297,0,21.4,16.3
"Dodoma",1981-10-25,1981,10,298,0,26.1,11.8
"Dodoma",1981-10-26,1981,10,299,0,25.5,12.3
"Dodoma",1981-10-27,1981,10,300,0,24.2,13.5
"Dodoma",1981-10-28,1981,10,301,0,21.7,14.6
"Dodoma",1981-10-29,1981,10,302,0,23.8,14.1
"Dodoma",1981-10-30,1981,10,303,0,27.6,13.9
"Dodoma",1981-10-31,1981,10,304,0,21.4,13.1
"Dodoma",1981-11-01,1981,11,305,0,23.1,16.4
"Dodoma",1981-11-02,1981,11,306,0,25.3,16.6
"Dodoma",1981-11-03,1981,11,307,0,27.3,12.2
"Dodoma",1981-11-04,1981,11,308,0,23.8,12.7
"Dodoma",1981-11-05,1981,11,309,0,18.6,12.9
"Dodoma",1981-11-06,1981,11,310,0,30.3,14
"Dodoma",1981-11-07,1981,11,311,0,22.9,11.1
"Dodoma",1981-11-08,1981,11,312,0,28,13.7
"Dodoma",1981-11-09,1981,11,313,0,23,13
"Dodoma",1981-11-10,1981,11,314,0,25.4,13.2
"Dodoma",1981-11-11,1981,11,315,0,23.6,14.2
"Dodoma",1981-11-12,1981,11,316,0,24.9,11.4
"Dodoma",1981-11-13,1981,11,317,0,24.6,13.7
"Dodoma",1981-11-14,1981,11,318,0,22.1,12.5
"Dodoma",1981-11-15,1981,11,319,0,24.7,11.9
"Dodoma",1981-11-16,1981,11,320,0,24.9,12.3
"Dodoma",1981-11-17,1981,11,321,0,26.7,11.4
"Dodoma",1981-11-18,1981,11,322,0,23.5,15.4
"Dodoma",1981-11-19,1981,11,323,0,28.8,14.4
"Dodoma",1981-11-20,1981,11,324,0,26.3,14.3
"Dodoma",1981-11-21,1981,11,325,NA,23.1,14.1
"Dodoma",1981-11-22,1981,11,326,0,22.9,14.8
"Dodoma",1981-11-23,1981,11,327,0,27,15.7
"Dodoma",1981-11-24,1981,11,328,0,25.3,15.1
"Dodoma",1981-11-25,1981,11,329,11.3,22.2,11.1
"Dodoma",1981-11-26,1981,11,330,0,21.4,14.8
"Dodoma",1981-11-27,1981,11,331,0,26.7,14
"Dodoma",1981-11-28,1981,11,332,0,25.2,13.7
"Dodoma",1981-11-29,1981,11,333,0,27.3,14.4
"Dodoma",1981-11-30,1981,11,334,0,22.9,12.8
"Dodoma",1981-12-01,1981,12,335,0,27.4,19.3
"Dodoma",1981-12-02,1981,12,336,0,23.8,14.8
"Dodoma",1981-12-03,1981,12,337,1,23.5,15.4
"Dodoma",1981-12-04,1981,12,338,0,22.9,13.1
"Dodoma",1981-12-05,1981,12,339,0,25.6,14.3
"Dodoma",1981-12-06,1981,12,340,0,23.1,15.5
"Dodoma",1981-12-07,1981,12,341,0.1,27.6,12.4
"Dodoma",1981-12-08,1981,12,342,0,24.8,13.8
"Dodoma",1981-12-09,1981,12,343,0,26.5,12.8
"Dodoma",1981-12-10,1981,12,344,0,25.9,15.1
"Dodoma",1981-12-11,1981,12,345,0,24.1,14.7
"Dodoma",1981-12-12,1981,12,346,0,23,12.3
"Dodoma",1981-12-13,1981,12,347,0,24.9,13.6
"Dodoma",1981-12-14,1981,12,348,0,23,14.3
"Dodoma",1981-12-15,1981,12,349,0,22.9,12.8
"Dodoma",1981-12-16,1981,12,350,0,26.3,15.1
"Dodoma",1981-12-17,1981,12,351,0,25.2,14.3
"Dodoma",1981-12-18,1981,12,352,9.5,28,16.4
"Dodoma",1981-12-19,1981,12,353,24.4,27.8,13.9
"Dodoma",1981-12-20,1981,12,354,0,22.7,14.9
"Dodoma",1981-12-21,1981,12,355,0.8,28,13
"Dodoma",1981-12-22,1981,12,356,0,28.5,15.5
"Dodoma",1981-12-23,1981,12,357,6,26.8,14.3
"Dodoma",1981-12-24,1981,12,358,0.5,23.5,12
"Dodoma",1981-12-25,1981,12,359,1.3,27.1,14.9
"Dodoma",1981-12-26,1981,12,360,0,28.8,15.5
"Dodoma",1981-12-27,1981,12,361,6.8,25.3,16.1
"Dodoma",1981-12-28,1981,12,362,8.7,27.1,15.8
"Dodoma",1981-12-29,1981,12,363,1.3,29.4,15
"Dodoma",1981-12-30,1981,12,364,0,28.8,17
"Dodoma",1981-12-31,1981,12,365,0.3,26.1,17.6
"Dodoma",1982-01-01,1982,1,1,0,30,13.2
"Dodoma",1982-01-02,1982,1,2,0,26.4,16
"Dodoma",1982-01-03,1982,1,3,0,24.6,15.6
"Dodoma",1982-01-04,1982,1,4,0.4,26,11.7
"Dodoma",1982-01-05,1982,1,5,14.8,28.3,16.3
"Dodoma",1982-01-06,1982,1,6,3,28.7,15
"Dodoma",1982-01-07,1982,1,7,0,29.3,16
"Dodoma",1982-01-08,1982,1,8,0,29.3,15.5
"Dodoma",1982-01-09,1982,1,9,0,27.4,15.8
"Dodoma",1982-01-10,1982,1,10,0,27.7,13.5
"Dodoma",1982-01-11,1982,1,11,0,26.9,13.9
"Dodoma",1982-01-12,1982,1,12,0.4,27.6,14.5
"Dodoma",1982-01-13,1982,1,13,NA,30.8,15.4
"Dodoma",1982-01-14,1982,1,14,0,24.2,17
"Dodoma",1982-01-15,1982,1,15,1.4,30.6,15.4
"Dodoma",1982-01-16,1982,1,16,4.2,27,17
"Dodoma",1982-01-17,1982,1,17,0,27.1,15
"Dodoma",1982-01-18,1982,1,18,0,29.7,18.5
"Dodoma",1982-01-19,1982,1,19,0.1,25.9,16.3
"Dodoma",1982-01-20,1982,1,20,5.6,29.5,15.9
"Dodoma",1982-01-21,1982,1,21,21.9,28.4,18
"Dodoma",1982-01-22,1982,1,22,9.6,28.5,15.7
"Dodoma",1982-01-23,1982,1,23,9.9,27.2,17.2
"Dodoma",1982-01-24,1982,1,24,8,29.7,14
"Dodoma",1982-01-25,1982,1,25,7.3,30.1,15.2
"Dodoma",1982-01-26,1982,1,26,10.6,27.2,13.6
"Dodoma",1982-01-27,1982,1,27,NA,27.9,16
"Dodoma",1982-01-28,1982,1,28,0,30.1,17.3
"Dodoma",1982-01-29,1982,1,29,0,30,16.4
"Dodoma",1982-01-30,1982,1,30,0,25.1,15.9
"Dodoma",1982-01-31,1982,1,31,0,29.1,18.5
"Dodoma",1982-02-01,1982,2,32,28.9,25.8,15.9
"Dodoma",1982-02-02,1982,2,33,2.3,30.6,18.3
"Dodoma",1982-02-03,1982,2,34,0,29.3,18.1
"Dodoma",1982-02-04,1982,2,35,0,28.4,16
"Dodoma",1982-02-05,1982,2,36,0,29.8,17.7
"Dodoma",1982-02-06,1982,2,37,NA,28.5,16
"Dodoma",1982-02-07,1982,2,38,0.5,31.1,19
"Dodoma",1982-02-08,1982,2,39,16.5,30.6,19
"Dodoma",1982-02-09,1982,2,40,7.5,26.4,17
"Dodoma",1982-02-10,1982,2,41,NA,32.1,21
"Dodoma",1982-02-11,1982,2,42,6.8,31.9,18.1
"Dodoma",1982-02-12,1982,2,43,3.5,31.2,18.7
"Dodoma",1982-02-13,1982,2,44,0,32.8,18.5
"Dodoma",1982-02-14,1982,2,45,0.6,31.8,19.3
"Dodoma",1982-02-15,1982,2,46,0,28.6,15.7
"Dodoma",1982-02-16,1982,2,47,0,27.3,18.7
"Dodoma",1982-02-17,1982,2,48,0,30.3,16.1
"Dodoma",1982-02-18,1982,2,49,0,35.5,19.2
"Dodoma",1982-02-19,1982,2,50,0,31.5,18.1
"Dodoma",1982-02-20,1982,2,51,0,27.6,20.6
"Dodoma",1982-02-21,1982,2,52,5.5,30.2,20
"Dodoma",1982-02-22,1982,2,53,3.8,30.9,20.1
"Dodoma",1982-02-23,1982,2,54,0,32,19.2
"Dodoma",1982-02-24,1982,2,55,19,30.3,17.5
"Dodoma",1982-02-25,1982,2,56,1,34.2,19.2
"Dodoma",1982-02-26,1982,2,57,0,32.1,22.8
"Dodoma",1982-02-27,1982,2,58,4.9,31.1,18.9
"Dodoma",1982-02-28,1982,2,59,0.1,28.9,20
"Dodoma",1982-03-01,1982,3,60,0,31.7,18.8
"Dodoma",1982-03-02,1982,3,61,15.4,26.2,21.2
"Dodoma",1982-03-03,1982,3,62,0,31.1,18.9
"Dodoma",1982-03-04,1982,3,63,3.1,29.6,18.3
"Dodoma",1982-03-05,1982,3,64,0,32.4,21.7
"Dodoma",1982-03-06,1982,3,65,4,33.1,20.2
"Dodoma",1982-03-07,1982,3,66,0,30.4,21.6
"Dodoma",1982-03-08,1982,3,67,2.9,30,19.2
"Dodoma",1982-03-09,1982,3,68,0,32.6,20.1
"Dodoma",1982-03-10,1982,3,69,3,30.4,21.9
"Dodoma",1982-03-11,1982,3,70,0,28.6,18.3
"Dodoma",1982-03-12,1982,3,71,0,30.2,20
"Dodoma",1982-03-13,1982,3,72,7.4,33.4,16.2
"Dodoma",1982-03-14,1982,3,73,0,32.8,20.1
"Dodoma",1982-03-15,1982,3,74,0,26.3,18.4
"Dodoma",1982-03-16,1982,3,75,1.5,30,19.2
"Dodoma",1982-03-17,1982,3,76,0,34.5,17.6
"Dodoma",1982-03-18,1982,3,77,1.2,33.3,20.6
"Dodoma",1982-03-19,1982,3,78,0,30.8,21.6
"Dodoma",1982-03-20,1982,3,79,0,34.2,20.8
"Dodoma",1982-03-21,1982,3,80,NA,33.3,20.4
"Dodoma",1982-03-22,1982,3,81,0,33.2,18.1
"Dodoma",1982-03-23,1982,3,82,0,30.1,18.4
"Dodoma",1982-03-24,1982,3,83,0,29.2,20.9
"Dodoma",1982-03-25,1982,3,84,0,30.9,23.9
"Dodoma",1982-03-26,1982,3,85,0,37.1,20
"Dodoma",1982-03-27,1982,3,86,0,32.5,23.8
"Dodoma",1982-03-28,1982,3,87,5.3,32.5,19.9
"Dodoma",1982-03-29,1982,3,88,3.9,33,20.4
"Dodoma",1982-03-30,1982,3,89,0,33.5,21
"Dodoma",1982-03-31,1982,3,90,0,34,22.3
"Dodoma",1982-04-01,1982,4,91,0,35.6,24.1
"Dodoma",1982-04-02,1982,4,92,0,35,22
"Dodoma",1982-04-03,1982,4,93,1,38.5,20.2
"Dodoma",1982-04-04,1982,4,94,17.6,37.7,20.1
"Dodoma",1982-04-05,1982,4,95,0,36.1,21.9
"Dodoma",1982-04-06,1982,4,96,0,29.8,19.6
"Dodoma",1982-04-07,1982,4,97,1.4,37.1,20.3
"Dodoma",1982-04-08,1982,4,98,0,34.5,21.2
"Dodoma",1982-04-09,1982,4,99,0,35.7,19.2
"Dodoma",1982-04-10,1982,4,100,0,32.6,23.1
"Dodoma",1982-04-11,1982,4,101,0,35.6,21.6
"Dodoma",1982-04-12,1982,4,102,11.1,37.6,19.6
"Dodoma",1982-04-13,1982,4,103,0,34.6,20.2
"Dodoma",1982-04-14,1982,4,104,0,33.3,20.9
"Dodoma",1982-04-15,1982,4,105,0,35.5,21.1
"Dodoma",1982-04-16,1982,4,106,0,35.2,22.3
"Dodoma",1982-04-17,1982,4,107,0,34.3,22.4
"Dodoma",1982-04-18,1982,4,108,0,30.5,21.7
"Dodoma",1982-04-19,1982,4,109,14.1,35.3,19.9
"Dodoma",1982-04-20,1982,4,110,0,34.5,22
"Dodoma",1982-04-21,1982,4,111,0,35.2,20.7
"Dodoma",1982-04-22,1982,4,112,0,35.7,20.8
"Dodoma",1982-04-23,1982,4,113,0,35,20.1
"Dodoma",1982-04-24,1982,4,114,0,36.1,23.9
"Dodoma",1982-04-25,1982,4,115,0,34.9,20.9
"Dodoma",1982-04-26,1982,4,116,0,36,24.4
"Dodoma",1982-04-27,1982,4,117,0,30.1,18.2
"Dodoma",1982-04-28,1982,4,118,0,36.5,22.2
"Dodoma",1982-04-29,1982,4,119,0,34.6,23
"Dodoma",1982-04-30,1982,4,120,0,37.2,22.7
"Dodoma",1982-05-01,1982,5,121,0,29.8,22.1
"Dodoma",1982-05-02,1982,5,122,0,39.3,18.2
"Dodoma",1982-05-03,1982,5,123,0,34.9,22.1
"Dodoma",1982-05-04,1982,5,124,0,38.1,23.2
"Dodoma",1982-05-05,1982,5,125,0,35.8,23.4
"Dodoma",1982-05-06,1982,5,126,0,36.6,20.9
"Dodoma",1982-05-07,1982,5,127,0,37.2,22.2
"Dodoma",1982-05-08,1982,5,128,0,33.1,20.6
"Dodoma",1982-05-09,1982,5,129,0,36.2,21.7
"Dodoma",1982-05-10,1982,5,130,NA,35.3,21.4
"Dodoma",1982-05-11,1982,5,131,0,33.3,21.2
"Dodoma",1982-05-12,1982,5,132,0,30.5,22.7
"Dodoma",1982-05-13,1982,5,133,NA,36.1,23
"Dodoma",1982-05-14,1982,5,134,0,36.1,22.5
"Dodoma",1982-05-15,1982,5,135,0,35.5,21.4
"Dodoma",1982-05-16,1982,5,136,0,34,22.6
"Dodoma",1982-05-17,1982,5,137,0,34.7,21.3
"Dodoma",1982-05-18,1982,5,138,0,35,24.5
"Dodoma",1982-05-19,1982,5,139,0,35.9,21.8
"Dodoma",1982-05-20,1982,5,140,0,38,21.1
"Dodoma",1982-05-21,1982,5,141,0,35.8,20.6
"Dodoma",1982-05-22,1982,5,142,7.3,36.3,22.1
"Dodoma",1982-05-23,1982,5,143,0,36.6,22.5
"Dodoma",1982-05-24,1982,5,144,0,34.2,22.8
"Dodoma",1982-05-25,1982,5,145,0,34.4,22.1
"Dodoma",1982-05-26,1982,5,146,0,36.5,20.6
"Dodoma",1982-05-27,1982,5,147,0,36.1,22.2
"Dodoma",1982-05-28,1982,5,148,0,34,23
"Dodoma",1982-05-29,1982,5,149,0,35.8,22.7
"Dodoma",1982-05-30,1982,5,150,0,37.4,22.5
"Dodoma",1982-05-31,1982,5,151,0,35.3,22.4
"Dodoma",1982-06-01,1982,6,152,0,35.1,20.5
"Dodoma",1982-06-02,1982,6,153,0,36.4,23
"Dodoma",1982-06-03,1982,6,154,0,37.2,21
"Dodoma",1982-06-04,1982,6,155,3.8,33.8,26.3
"Dodoma",1982-06-05,1982,6,156,1.8,37.2,20
"Dodoma",1982-06-06,1982,6,157,8.5,36.3,20.8
"Dodoma",1982-06-07,1982,6,158,0,36,22.6
"Dodoma",1982-06-08,1982,6,159,0,37.1,21.6
"Dodoma",1982-06-09,1982,6,160,0,34.6,20.7
"Dodoma",1982-06-10,1982,6,161,0,33.4,23.1
"Dodoma",1982-06-11,1982,6,162,0,35.1,23.3
"Dodoma",1982-06-12,1982,6,163,NA,34.3,24.3
"Dodoma",1982-06-13,1982,6,164,NA,35.6,20.6
"Dodoma",1982-06-14,1982,6,165,0,35.5,18.1
"Dodoma",1982-06-15,1982,6,166,0,30,22.8
"Dodoma",1982-06-16,1982,6,167,4.3,32.1,22.1
"Dodoma",1982-06-17,1982,6,168,0,34.4,23
"Dodoma",1982-06-18,1982,6,169,0,29,22.1
"Dodoma",1982-06-19,1982,6,170,24.4,33.7,19.9
"Dodoma",1982-06-20,1982,6,171,1.3,31,20.5
"Dodoma",1982-06-21,1982,6,172,0,35.2,21.9
"Dodoma",1982-06-22,1982,6,173,2.1,35.1,23.2
"Dodoma",1982-06-23,1982,6,174,0,30.2,22.5
"Dodoma",1982-06-24,1982,6,175,0,34.6,20.1
"Dodoma",1982-06-25,1982,6,176,2.8,32.7,20.6
"Dodoma",1982-06-26,1982,6,177,5.4,39.9,23
"Dodoma",1982-06-27,1982,6,178,0,31.7,19.7
"Dodoma",1982-06-28,1982,6,179,0.9,33.8,18.1
"Dodoma",1982-06-29,1982,6,180,1.2,34.3,21.5
"Dodoma",1982-06-30,1982,6,181,NA,31,20.1
"Dodoma",1982-07-01,1982,7,182,0,34.1,21.1
"Dodoma",1982-07-02,1982,7,183,0,29.5,19.5
"Dodoma",1982-07-03,1982,7,184,0,34.1,20.6
"Dodoma",1982-07-04,1982,7,185,0,36.7,18.6
"Dodoma",1982-07-05,1982,7,186,0,35.1,19.6
"Dodoma",1982-07-06,1982,7,187,0,34.9,19.2
"Dodoma",1982-07-07,1982,7,188,0.6,30.8,22.2
"Dodoma",1982-07-08,1982,7,189,8.6,33.6,22.9
"Dodoma",1982-07-09,1982,7,190,0,27.7,18.7
"Dodoma",1982-07-10,1982,7,191,NA,32.9,19.9
"Dodoma",1982-07-11,1982,7,192,0,32,18.5
"Dodoma",1982-07-12,1982,7,193,NA,32.8,22.4
"Dodoma",1982-07-13,1982,7,194,0,31.7,20.6
"Dodoma",1982-07-14,1982,7,195,0,29.7,20.1
"Dodoma",1982-07-15,1982,7,196,12.6,32.8,21.2
"Dodoma",1982-07-16,1982,7,197,0.1,32.6,19
"Dodoma",1982-07-17,1982,7,198,2.3,32.4,20
"Dodoma",1982-07-18,1982,7,199,5,32.2,19.7
"Dodoma",1982-07-19,1982,7,200,6.1,32.6,18.9
"Dodoma",1982-07-20,1982,7,201,0,30,17.8
"Dodoma",1982-07-21,1982,7,202,0,29.2,19.2
"Dodoma",1982-07-22,1982,7,203,0,31,21.8
"Dodoma",1982-07-23,1982,7,204,0,31.7,21.4
"Dodoma",1982-07-24,1982,7,205,16.3,33.7,21.4
"Dodoma",1982-07-25,1982,7,206,2.5,32.3,21.6
"Dodoma",1982-07-26,1982,7,207,2.7,28.3,17.5
"Dodoma",1982-07-27,1982,7,208,8.1,30.9,18.2
"Dodoma",1982-07-28,1982,7,209,0,30.4,18.6
"Dodoma",1982-07-29,1982,7,210,0.9,33.3,19.9
"Dodoma",1982-07-30,1982,7,211,5,31.2,17.6
"Dodoma",1982-07-31,1982,7,212,4.5,33.2,19.3
"Dodoma",1982-08-01,1982,8,213,17,32.5,15.9
"Dodoma",1982-08-02,1982,8,214,0,28.2,18.5
"Dodoma",1982-08-03,1982,8,215,0.2,33.9,17.1
"Dodoma",1982-08-04,1982,8,216,2.7,30.2,17.4
"Dodoma",1982-08-05,1982,8,217,0,33.4,17.2
"Dodoma",1982-08-06,1982,8,218,12.8,31.7,19.6
"Dodoma",1982-08-07,1982,8,219,2.2,31.9,17.1
"Dodoma",1982-08-08,1982,8,220,5.7,31.5,19.6
"Dodoma",1982-08-09,1982,8,221,13.2,28.3,18.2
"Dodoma",1982-08-10,1982,8,222,15,31.9,19
"Dodoma",1982-08-11,1982,8,223,0,31.9,17.4
"Dodoma",1982-08-12,1982,8,224,10.9,28.3,17.9
"Dodoma",1982-08-13,1982,8,225,0,28.1,17.6
"Dodoma",1982-08-14,1982,8,226,0,32.5,17.8
"Dodoma",1982-08-15,1982,8,227,0,31.7,18
"Dodoma",1982-08-16,1982,8,228,0,33.4,19.6
"Dodoma",1982-08-17,1982,8,229,0,30.3,16.6
"Dodoma",1982-08-18,1982,8,230,2.8,33.7,16.9
"Dodoma",1982-08-19,1982,8,231,0,28.1,15.9
"Dodoma",1982-08-20,1982,8,232,5.7,32.8,18.2
"Dodoma",1982-08-21,1982,8,233,0,29,18
"Dodoma",1982-08-22,1982,8,234,9.6,28.6,16.7
"Dodoma",1982-08-23,1982,8,235,0,28.5,16.8
"Dodoma",1982-08-24,1982,8,236,3.5,27.2,16.6
"Dodoma",1982-08-25,1982,8,237,8.3,28.3,16.5
"Dodoma",1982-08-26,1982,8,238,0,28.3,21.7
"Dodoma",1982-08-27,1982,8,239,2.8,28.5,13.9
"Dodoma",1982-08-28,1982,8,240,15.6,27.9,17.4
"Dodoma",1982-08-29,1982,8,241,0,29.7,18.3
"Dodoma",1982-08-30,1982,8,242,0,31.8,15.8
"Dodoma",1982-08-31,1982,8,243,0,26.3,17.3
"Dodoma",1982-09-01,1982,9,244,4.6,29.5,16.3
"Dodoma",1982-09-02,1982,9,245,4.1,28.2,18.9
"Dodoma",1982-09-03,1982,9,246,5.2,29.2,17.2
"Dodoma",1982-09-04,1982,9,247,1.7,26.3,18.2
"Dodoma",1982-09-05,1982,9,248,0,24.8,16
"Dodoma",1982-09-06,1982,9,249,0.2,29.1,17.4
"Dodoma",1982-09-07,1982,9,250,0,26.7,16.7
"Dodoma",1982-09-08,1982,9,251,0.8,29.4,18
"Dodoma",1982-09-09,1982,9,252,0,24.2,17.9
"Dodoma",1982-09-10,1982,9,253,0,29.2,14.7
"Dodoma",1982-09-11,1982,9,254,0,27.2,17.6
"Dodoma",1982-09-12,1982,9,255,1,32.5,16.8
"Dodoma",1982-09-13,1982,9,256,0,25.9,14.9
"Dodoma",1982-09-14,1982,9,257,9.3,30.6,16.3
"Dodoma",1982-09-15,1982,9,258,0,29.6,15.1
"Dodoma",1982-09-16,1982,9,259,0,26.2,17.3
"Dodoma",1982-09-17,1982,9,260,0,27,18.8
"Dodoma",1982-09-18,1982,9,261,4.5,26.1,16.9
"Dodoma",1982-09-19,1982,9,262,NA,27.4,13.9
"Dodoma",1982-09-20,1982,9,263,0,27.4,14.1
"Dodoma",1982-09-21,1982,9,264,25,25.1,18.8
"Dodoma",1982-09-22,1982,9,265,13,28,16.4
"Dodoma",1982-09-23,1982,9,266,0,29.4,14.7
"Dodoma",1982-09-24,1982,9,267,0.3,29.7,16.2
"Dodoma",1982-09-25,1982,9,268,0,24.6,14.1
"Dodoma",1982-09-26,1982,9,269,NA,26.6,13.6
"Dodoma",1982-09-27,1982,9,270,0,25.5,13.8
"Dodoma",1982-09-28,1982,9,271,6.8,26.7,17
"Dodoma",1982-09-29,1982,9,272,0,26.8,15.6
"Dodoma",1982-09-30,1982,9,273,0,24.8,11
"Dodoma",1982-10-01,1982,10,274,0,26.3,15
"Dodoma",1982-10-02,1982,10,275,13.4,28.4,16.2
"Dodoma",1982-10-03,1982,10,276,0,26,14.1
"Dodoma",1982-10-04,1982,10,277,0,25.5,14.1
"Dodoma",1982-10-05,1982,10,278,0,27.3,12.8
"Dodoma",1982-10-06,1982,10,279,0,26.5,16.4
"Dodoma",1982-10-07,1982,10,280,0,27,16
"Dodoma",1982-10-08,1982,10,281,0,27.4,14.8
"Dodoma",1982-10-09,1982,10,282,0,25.3,15.9
"Dodoma",1982-10-10,1982,10,283,0,25.2,14
"Dodoma",1982-10-11,1982,10,284,0,23.7,15.9
"Dodoma",1982-10-12,1982,10,285,0,23.8,12.4
"Dodoma",1982-10-13,1982,10,286,0,27.4,16.2
"Dodoma",1982-10-14,1982,10,287,0,25.2,13
"Dodoma",1982-10-15,1982,10,288,0,25.6,14.4
"Dodoma",1982-10-16,1982,10,289,0,24.8,14.5
"Dodoma",1982-10-17,1982,10,290,0,24.5,15.7
"Dodoma",1982-10-18,1982,10,291,0,27,15.3
"Dodoma",1982-10-19,1982,10,292,0,24.9,16.2
"Dodoma",1982-10-20,1982,10,293,0,23.7,15.3
"Dodoma",1982-10-21,1982,10,294,0,23.7,13.7
"Dodoma",1982-10-22,1982,10,295,0,26.1,14
"Dodoma",1982-10-23,1982,10,296,0,22,14.3
"Dodoma",1982-10-24,1982,10,297,0,25.9,14.9
"Dodoma",1982-10-25,1982,10,298,0,22.5,13.5
"Dodoma",1982-10-26,1982,10,299,0,24.3,13.6
"Dodoma",1982-10-27,1982,10,300,0,22.7,13
"Dodoma",1982-10-28,1982,10,301,0,28.9,11.9
"Dodoma",1982-10-29,1982,10,302,0,26.5,16.6
"Dodoma",1982-10-30,1982,10,303,0,25.7,15.1
"Dodoma",1982-10-31,1982,10,304,0,26.9,13.8
"Dodoma",1982-11-01,1982,11,305,0,27.7,14.9
"Dodoma",1982-11-02,1982,11,306,0,22,16
"Dodoma",1982-11-03,1982,11,307,0,23.5,12.4
"Dodoma",1982-11-04,1982,11,308,0,26.6,15.4
"Dodoma",1982-11-05,1982,11,309,0,24.1,12.2
"Dodoma",1982-11-06,1982,11,310,0,25.9,14.8
"Dodoma",1982-11-07,1982,11,311,0,25.9,14.5
"Dodoma",1982-11-08,1982,11,312,0,25.1,14
"Dodoma",1982-11-09,1982,11,313,0,28.7,12
"Dodoma",1982-11-10,1982,11,314,0,25,13.5
"Dodoma",1982-11-11,1982,11,315,0,24.8,14.7
"Dodoma",1982-11-12,1982,11,316,0,26.2,17
"Dodoma",1982-11-13,1982,11,317,0,25.2,12.3
"Dodoma",1982-11-14,1982,11,318,0,21.7,11.5
"Dodoma",1982-11-15,1982,11,319,7.7,25,12.4
"Dodoma",1982-11-16,1982,11,320,0,22.6,13.5
"Dodoma",1982-11-17,1982,11,321,NA,25.4,13.1
"Dodoma",1982-11-18,1982,11,322,0,23.9,11.9
"Dodoma",1982-11-19,1982,11,323,0,20.9,11.1
"Dodoma",1982-11-20,1982,11,324,0,24,16.6
"Dodoma",1982-11-21,1982,11,325,0,24.7,14
"Dodoma",1982-11-22,1982,11,326,0,27.6,12.9
"Dodoma",1982-11-23,1982,11,327,0,26.2,13.1
"Dodoma",1982-11-24,1982,11,328,1.1,26.4,16.9
"Dodoma",1982-11-25,1982,11,329,0,25.9,16
"Dodoma",1982-11-26,1982,11,330,0,20,13
"Dodoma",1982-11-27,1982,11,331,0,25.6,16.3
"Dodoma",1982-11-28,1982,11,332,0,26.7,16
"Dodoma",1982-11-29,1982,11,333,6.4,22.3,14.8
"Dodoma",1982-11-30,1982,11,334,0,23.8,14.5
"Dodoma",1982-12-01,1982,12,335,0,22.5,10.3
"Dodoma",1982-12-02,1982,12,336,0,25.9,14.1
"Dodoma",1982-12-03,1982,12,337,0,25.2,12.4
"Dodoma",1982-12-04,1982,12,338,0,27.3,13.4
"Dodoma",1982-12-05,1982,12,339,0,24.9,15.1
"Dodoma",1982-12-06,1982,12,340,0,26.6,11.6
"Dodoma",1982-12-07,1982,12,341,NA,24.4,13.6
"Dodoma",1982-12-08,1982,12,342,0,25.9,12.9
"Dodoma",1982-12-09,1982,12,343,0,22.8,12.5
"Dodoma",1982-12-10,1982,12,344,0.7,22.8,13.6
"Dodoma",1982-12-11,1982,12,345,0,24.5,16.3
"Dodoma",1982-12-12,1982,12,346,0,26.3,15.6
"Dodoma",1982-12-13,1982,12,347,34.3,27.8,12.4
"Dodoma",1982-12-14,1982,12,348,8.8,24,15.4
"Dodoma",1982-12-15,1982,12,349,5.9,24.5,13
"Dodoma",1982-12-16,1982,12,350,NA,24.6,15
"Dodoma",1982-12-17,1982,12,351,0,27.8,14.7
"Dodoma",1982-12-18,1982,12,352,0,27.1,15.1
"Dodoma",1982-12-19,1982,12,353,0,24.8,14.7
"Dodoma",1982-12-20,1982,12,354,NA,25.3,15.5
"Dodoma",1982-12-21,1982,12,355,0.1,28,15
"Dodoma",1982-12-22,1982,12,356,0,26.8,15.9
"Dodoma",1982-12-23,1982,12,357,0,29.8,15.1
"Dodoma",1982-12-24,1982,12,358,NA,25.1,16.8
"Dodoma",1982-12-25,1982,12,359,5.8,25.7,14.8
"Dodoma",1982-12-26,1982,12,360,0,25.2,13.7
"Dodoma",1982-12-27,1982,12,361,13.6,25.8,14.4
"Dodoma",1982-12-28,1982,12,362,0,29.7,14.9
"Dodoma",1982-12-29,1982,12,363,0,25.9,13
"Dodoma",1982-12-30,1982,12,364,4.4,23.2,12.8
"Dodoma",1982-12-31,1982,12,365,0,24.3,14
